code,fix_suggestions
"import java.sql.Connection; import java.sql.DriverManager; import java.sql.PreparedStatement; import java.sql.SQLException; public class SQLInjectionExample { public static void main(String[] args) { String userInput = ""1 OR 1=1""; try { Connection connection = DriverManager.getConnection(""jdbc:your_database_url"", ""username"", ""password""); String query = ""SELECT * FROM users WHERE id = "" + userInput; PreparedStatement statement = connection.prepareStatement(query); statement.executeQuery(); } catch (SQLException e) { e.printStackTrace(); } } }",Use parameterized queries to prevent SQL injection.
import java.util.ArrayList; import java.util.List; public class InsecureDataStorageExample { private List<String> sensitiveData = new ArrayList<>(); public void addData(String data) { sensitiveData.add(data); } public List<String> getData() { return sensitiveData; } },Ensure encryption for sensitive data before storing it.
"public class HardcodedCredentials { public static void main(String[] args) { String username = ""admin""; String password = ""password123""; System.out.println(""Login as: "" + username); } }",Externalize sensitive information such as credentials to secure storage or environment variables.
"import java.util.Random; public class InsecureRandomExample { public static void main(String[] args) { Random random = new Random(); int insecureRandom = random.nextInt(); System.out.println(""Random number: "" + insecureRandom); } }",Use SecureRandom to generate random numbers for security-sensitive operations.
"import java.io.File; public class InsecureFilePermissions { public static void main(String[] args) { File file = new File(""sensitive_data.txt""); file.setReadable(true, false); file.setWritable(true, false); } }",Ensure that file permissions are restricted to the owner only.
"import java.security.SecureRandom; public class SecureRandomExample { public static void main(String[] args) { SecureRandom secureRandom = new SecureRandom(); int secureNumber = secureRandom.nextInt(); System.out.println(""Secure random number: "" + secureNumber); } }",No fix needed.
"import java.sql.Connection; import java.sql.PreparedStatement; import java.sql.SQLException; public class SecureSQL { public static void main(String[] args) { try { Connection connection = DriverManager.getConnection(""jdbc:your_database_url"", ""username"", ""password""); String query = ""SELECT * FROM users WHERE id = ?""; PreparedStatement stmt = connection.prepareStatement(query); stmt.setInt(1, 1); stmt.executeQuery(); } catch (SQLException e) { e.printStackTrace(); } } }",No fix needed.
import 'package:http/http.dart' as http; void fetchData(String userInput) async { var query = 'SELECT * FROM employees WHERE name = ' + userInput; var response = await http.get(Uri.parse('http://example.com/employees?query=$query')); print(response.body); },Use parameterized queries to prevent SQL injection.
"import 'dart:io'; class InsecureDataStorageExample { List<String> sensitiveData = []; void addData(String data) { sensitiveData.add(data); File('data.txt').writeAsStringSync(sensitiveData.join(', ')); } List<String> getData() { return sensitiveData; } }",Encrypt sensitive data before storage.
class HardcodedCredentialsExample { void login() { String username = 'admin'; String password = 'password123'; print('Logging in with username: \$username and password: \$password'); } },Externalize credentials to configuration files or environment variables.
import 'dart:math'; class InsecureRandomExample { void generateRandomNumber() { var random = Random(); int insecureRandom = random.nextInt(1000); print('Insecure random number: \$insecureRandom'); } },Use SecureRandom for generating secure random numbers.
import 'dart:io'; class InsecureFilePermissionsExample { void setPermissions() { var file = File('confidential.txt'); file.writeAsStringSync('Sensitive information'); file.setLastModifiedSync(DateTime.now()); } },Restrict file permissions to prevent unauthorized access.
import 'dart:math'; class SecureRandomExample { void generateSecureRandomNumber() { var secureRandom = Random.secure(); int secureRandomNumber = secureRandom.nextInt(100); print('Secure random number: \$secureRandomNumber'); } },No fix needed.
import 'package:http/http.dart' as http; void fetchSecureData() async { var response = await http.get(Uri.parse('http://example.com/employees?userId=1')); print(response.body); },No fix needed.
